"(PDH-CSV 4.0) (Eastern Daylight Time)(240)","\\LEGION\Processor(_Total)\% Processor Time"
"10/07/2026 23:28:15.975"," "
"10/07/2026 23:28:25.983","20.123527980398890236"
"10/07/2026 23:28:35.996","36.346813606663872065"
"10/07/2026 23:28:46.007","26.175065095559713058"
"10/07/2026 23:28:56.015","20.94035352902663405"
"10/07/2026 23:29:06.032","28.619519516593385333"
"10/07/2026 23:29:16.043","21.946808208838632481"
"10/07/2026 23:29:26.054","15.915235290880126229"
"10/07/2026 23:29:36.071","14.888110906538109646"
"10/07/2026 23:29:46.086","11.417662408598317825"
"10/07/2026 23:29:56.091","30.784672666381652562"
"10/07/2026 23:30:06.099","11.477500874321266977"
"10/07/2026 23:30:16.119","20.013651424914257859"
"10/07/2026 23:30:26.128","18.805795111643121231"
"10/07/2026 23:30:36.144","23.487206216079659526"
"10/07/2026 23:30:46.160","26.197342497458343757"
"10/07/2026 23:30:56.169","36.681650643460258721"
"10/07/2026 23:31:06.184","31.715485661148235863"
"10/07/2026 23:31:16.193","25.803481488441793346"
"10/07/2026 23:31:26.204","16.515277595917467579"
"10/07/2026 23:31:36.208","22.309983398605304217"
"10/07/2026 23:31:46.218","10.639253458951735354"
"10/07/2026 23:31:56.220","19.154976249928466814"
"10/07/2026 23:32:06.223","8.9384221604354436863"
"10/07/2026 23:32:16.240","6.8519594789572035864"
"10/07/2026 23:32:26.255","18.334530086412350158"
"10/07/2026 23:32:36.267","22.349441235976662767"
"10/07/2026 23:32:46.269","25.002234295521951424"
"10/07/2026 23:32:56.272","19.694471430538495582"
"10/07/2026 23:33:06.284","21.9086888451310422"
"10/07/2026 23:33:16.289","29.503056084925617597"
"10/07/2026 23:33:26.294","29.19731608062824435"
"10/07/2026 23:33:36.298","18.825746281849575325"
"10/07/2026 23:33:46.310","7.1555756812060948846"
"10/07/2026 23:33:56.328","5.3973059931817335411"
"10/07/2026 23:34:06.345","4.4560620298640829517"
"10/07/2026 23:34:16.359","4.2694397200117917279"
"10/07/2026 23:34:26.365","4.4309994512441663872"
"10/07/2026 23:34:36.371","3.9685398463140897363"
"10/07/2026 23:34:46.387","3.7257345420653065204"
"10/07/2026 23:34:56.395","3.988101496874385532"
"10/07/2026 23:35:06.410","3.538292007333165845"
"10/07/2026 23:35:16.426","3.4933426638260489661"
"10/07/2026 23:35:26.448","4.2134782887173312105"
"10/07/2026 23:35:36.460","3.3585981318641211502"
"10/07/2026 23:35:46.474","4.6921240052485320149"
"10/07/2026 23:35:56.499","4.3032030723452630028"
"10/07/2026 23:36:06.513","3.2748734797596878998"
"10/07/2026 23:36:16.537","3.5941386972101030395"
"10/07/2026 23:36:26.547","3.051815345810771074"
"10/07/2026 23:36:36.564","3.3142118035917822461"
"10/07/2026 23:36:46.569","3.7316227449520567028"
"10/07/2026 23:36:56.586","3.1427941675523318743"
"10/07/2026 23:37:06.587","3.8022401311244347077"
"10/07/2026 23:37:16.601","4.2573864826203955403"
"10/07/2026 23:37:26.612","3.6615677834696658266"
"10/07/2026 23:37:36.639","4.1595997029613922535"
"10/07/2026 23:37:46.667","4.383347529729364922"
"10/07/2026 23:37:56.680","4.3284865221507313748"
"10/07/2026 23:38:06.690","4.9902375502629325865"
"10/07/2026 23:38:16.709","3.6544189039853347545"
"10/07/2026 23:38:26.722","4.4608143632609227325"
"10/07/2026 23:38:36.735","3.8676151739635344917"
"10/07/2026 23:38:46.751","4.3056641506547421727"
"10/07/2026 23:38:56.775","3.8425329020322807061"
"10/07/2026 23:39:06.794","4.1731175873553683076"
"10/07/2026 23:39:16.820","3.3566044938157513222"
"10/07/2026 23:39:26.836","5.4473328966029193055"
"10/07/2026 23:39:36.858","3.2694501612541615465"
"10/07/2026 23:39:46.865","3.6629075085868101347"
"10/07/2026 23:39:56.879","4.2301147482710739212"
"10/07/2026 23:40:06.893","4.0668564611105679774"
"10/07/2026 23:40:16.908","3.8926700596929264542"
"10/07/2026 23:40:26.923","3.613746554361829677"
"10/07/2026 23:40:36.940","4.0327075875883018341"
"10/07/2026 23:40:46.947","4.4610910683291260526"
"10/07/2026 23:40:56.963","3.751983270280634386"
"10/07/2026 23:41:06.985","3.1256297132809085504"
"10/07/2026 23:41:16.993","3.3626269392838636918"
"10/07/2026 23:41:26.996","3.1415237410132745843"
"10/07/2026 23:41:37.018","2.8851979930782256645"
"10/07/2026 23:41:47.023","4.0046427151767094443"
"10/07/2026 23:41:57.049","3.0515749591180529876"
"10/07/2026 23:42:07.064","3.4592955993810403648"
"10/07/2026 23:42:17.072","4.0270464061986199766"
"10/07/2026 23:42:27.098","2.4762070194048968474"
"10/07/2026 23:42:37.111","4.326061982063301059"
"10/07/2026 23:42:47.126","3.9341397015640988677"
"10/07/2026 23:42:57.141","3.8547770222880362034"
"10/07/2026 23:43:07.167","4.4942348674883998427"
"10/07/2026 23:43:17.185","4.3614870657008086852"
"10/07/2026 23:43:27.199","5.3891748811054851487"
"10/07/2026 23:43:37.213","4.5938209286784381646"
"10/07/2026 23:43:47.239","5.0226636720405171133"
"10/07/2026 23:43:57.251","4.1592075882607275616"
"10/07/2026 23:44:07.254","4.1532219268433978598"
"10/07/2026 23:44:17.279","3.5201394197815982778"
"10/07/2026 23:44:27.300","4.4339390462869721077"
"10/07/2026 23:44:37.314","4.4969797634262898001"
"10/07/2026 23:44:47.319","4.0704576032482346903"
"10/07/2026 23:44:57.336","4.0812729340779840825"
"10/07/2026 23:45:07.339","3.5638640733040127806"
"10/07/2026 23:45:17.356","4.0969030504761416722"
"10/07/2026 23:45:27.378","3.3238071728654672299"
"10/07/2026 23:45:37.381","4.5194169736240352719"
"10/07/2026 23:45:47.394","4.2391613683824713732"
"10/07/2026 23:45:57.418","3.7548788393443333078"
"10/07/2026 23:46:07.444","3.4290933171898796417"
"10/07/2026 23:46:17.464","4.0265484332057681627"
"10/07/2026 23:46:27.487","3.5268995070381614632"
"10/07/2026 23:46:37.504","3.8643153724512879776"
"10/07/2026 23:46:47.517","3.3272759790966000004"
"10/07/2026 23:46:57.530","3.4281930135475757737"
"10/07/2026 23:47:07.543","3.4537079987996599506"
"10/07/2026 23:47:17.558","3.1033370137407034761"
"10/07/2026 23:47:27.574","3.8036537256976199473"
"10/07/2026 23:47:37.600","4.3265446066832584648"
"10/07/2026 23:47:47.614","3.6950370746696048485"
"10/07/2026 23:47:57.619","3.6496719105883701495"
"10/07/2026 23:48:07.641","3.5493160166439330361"
"10/07/2026 23:48:17.649","3.683952901182163675"
"10/07/2026 23:48:27.654","3.8449110992167745415"
"10/07/2026 23:48:37.660","4.6284704980864681545"
"10/07/2026 23:48:47.681","3.6592521930542520892"
"10/07/2026 23:48:57.685","4.3437787091267114903"
"10/07/2026 23:49:07.700","5.3614750378059294889"
"10/07/2026 23:49:17.713","4.1315007905565082069"
"10/07/2026 23:49:27.716","3.8788406265239383508"
"10/07/2026 23:49:37.730","4.3512875513786797299"
"10/07/2026 23:49:47.751","3.6367974119605572803"
"10/07/2026 23:49:57.768","3.805468271311152062"
"10/07/2026 23:50:07.788","3.3346643589877933422"
"10/07/2026 23:50:17.803","3.7009691168823799501"
"10/07/2026 23:50:27.824","3.3908770792538955874"
